participant_ID,session_ID,gender,HGSHS_observer_01,HGSHS_observer_02,HGSHS_observer_03,HGSHS_observer_04,HGSHS_observer_05,HGSHS_observer_06,HGSHS_observer_07,HGSHS_observer_08,HGSHS_observer_09,HGSHS_observer_10,HGSHS_observer_11,HGSHS_observer_12,HGSHS_subject_01,HGSHS_subject_02,HGSHS_subject_03,HGSHS_subject_04,HGSHS_subject_05,HGSHS_subject_06,HGSHS_subject_07,HGSHS_subject_08,HGSHS_subject_09,HGSHS_subject_10,HGSHS_subject_11,HGSHS_subject_12,VVIQ1,VVIQ2,VVIQ3,VVIQ4,VVIQ5,VVIQ6,VVIQ7,VVIQ8,VVIQ9,VVIQ10,VVIQ11,VVIQ12,VVIQ13,VVIQ14,VVIQ15,VVIQ16,PCI01,PCI02,PCI03,PCI04,PCI05,PCI06,PCI07,PCI08,PCI09,PCI10,PCI11,PCI12,PCI13,PCI14,PCI15,PCI16,PCI17,PCI18,PCI19,PCI20,PCI21,PCI22,PCI23,PCI24,PCI25,PCI26,PCI27,PCI28,PCI29,PCI30,PCI31,PCI32,PCI33,PCI34,PCI35,PCI36,PCI37,PCI38,PCI39,PCI40,PCI41,PCI42,PCI43,PCI44,PCI45,PCI46,PCI47,PCI48,PCI49,PCI50,PCI51,PCI52,PCI53,PCI_Main_01_Altered_experience,PCI_Sub_01_Body_image,PCI_Sub_02_Time_sense,PCI_Sub_03_Perception,PCI_Sub_04_Meaning,PCI_Main_02_Positive_affect,PCI_Sub_05_Joy,PCI_Sub_06_Sexual_excitement,PCI_Sub_07_Love,PCI_Main_03_Negative affect,PCI_Sub_08_Anger,PCI_Sub_09_Sadness,PCI_Sub_10_Fear,PCI_Main_04_Attention,PCI_Sub_11_Direction,PCI_Sub_12_Concentration,PCI_Main_05_Imagery,PCI_Sub_13_Amount,PCI_Sub_14_Vividness,PCI_Main_06_Self_Awareness,PCI_Main_07_Altered_State_of_Awareness,PCI_Main_08_Arousal,PCI_Main_09_Rationality,PCI_Main_10_Volitional_Control,PCI_Main_11_Memory,PCI_Main_12_Internal_Dialogue,PCI_Reliability_average
ID_001,session_01,male,0,1,0,1,0,0,0,0,0,1,1,0,0,0,0,0,0,0,0,0,0,0,1,0,5,4,5,5,5,5,5,5,5,5,5,5,4,4,5,5,5,2,2,1,6,6,5,3,3,4,3,5,5,0,2,6,3,3,4,3,3,5,3,4,2,3,2,3,5,2,1,2,5,2,0,3,2,3,2,5,3,0,4,1,0,3,1,1,3,3,3,3,3,2.92,3,4,2,2.75,2,3,0,3,0.5,0.5,1,0,3.6,3,4.5,1.5,1,2,4,2.33,2,3,3.67,4,0,0.4
ID_002,session_01,female,1,1,1,1,1,0,1,0,0,1,1,1,1,0,1,1,1,1,0,1,1,1,1,1,4,4,3,4,5,5,5,5,4,3,4,4,3,3,5,3,5,2,5,5,6,2,5,1,0,5,6,2,1,0,0,4,0,5,5,6,6,5,1,3,1,0,0,5,1,0,0,6,6,1,0,1,0,0,6,2,1,0,5,0,5,6,4,5,1,2,5,2,4,5.15,5.67,5.67,5.67,4,3.83,6,0,5.5,0.5,0,0.5,1,4.8,4.67,5,2.5,2,3,3.67,4.67,0.5,2.67,2.33,5.33,4.5,1.4
ID_003,session_01,male,0,1,0,1,0,0,0,1,0,1,1,0,0,1,1,1,1,0,0,1,0,1,1,0,5,3,1,2,5,4,1,1,5,1,4,1,5,1,4,1,6,0,2,6,6,2,6,3,5,4,0,1,4,0,2,6,6,0,5,0,2,4,6,0,1,6,1,3,6,2,0,0,6,0,0,4,1,2,0,5,2,0,1,5,5,0,0,6,0,0,1,3,1,0.77,0.33,3,0,0,1.17,0.5,0,3,0,0,0,0,4.2,3,6,5.5,5,6,5,1.33,1,5.33,3.67,4,4.5,0.4
ID_004,session_01,female,1,1,1,1,1,1,1,1,0,1,1,1,1,1,1,1,1,1,1,1,1,1,1,1,4,4,4,5,3,4,4,4,5,4,5,5,3,4,4,4,5,1,3,1,5,0,6,2,2,5,6,1,5,1,0,6,2,1,5,4,4,5,2,4,2,0,2,4,2,1,0,4,5,1,1,4,1,3,5,3,2,0,4,5,5,4,5,5,2,3,4,1,4,4.77,5.33,5,4.33,4.5,3,4,1,4,0.33,1,0,0,4.6,4.33,5,5,5,5,4,3.67,1,3.67,3,4.33,5.5,0.4
ID_005,session_01,female,1,1,1,0,0,0,0,0,0,0,1,0,1,0,0,0,0,0,1,0,0,0,1,0,4,4,3,5,4,5,5,5,5,4,4,5,4,4,4,5,5,1,2,6,6,2,6,1,5,6,1,3,6,0,2,6,5,2,3,0,2,6,3,0,0,6,0,4,6,3,0,0,6,1,0,6,1,1,0,5,3,0,3,2,4,0,1,3,6,2,1,3,1,1.31,0.67,3.33,0.33,1,0.17,0.5,0,0,0,0,0,0,4.4,4,5,3,2.5,3.5,5.33,1.33,2,5.67,4.33,5.67,4,0.6
ID_006,session_01,female,1,1,1,1,1,1,1,0,0,1,1,0,0,1,1,1,1,1,0,0,0,0,1,0,1,3,3,4,3,4,4,5,3,3,4,3,4,4,3,3,4,5,3,6,6,3,6,1,6,2,3,5,4,0,0,6,3,4,6,0,4,3,6,5,3,5,3,1,3,0,0,0,6,3,0,3,3,4,0,3,3,0,4,1,3,0,0,3,6,3,4,2,4,2.31,2.67,5.33,2,0,0,0,0,0,0,0,0,0,3.4,3.33,3.5,1.75,1,2.5,3.33,3.67,1.5,1.67,3,2.33,3,1
ID_007,session_02,female,1,1,0,0,1,0,1,0,0,1,1,1,1,1,1,1,1,1,1,0,0,0,0,1,4,4,5,3,4,3,3,3,4,1,2,3,4,3,4,2,4,5,3,5,6,5,4,3,2,5,6,2,4,1,3,5,2,4,6,3,5,5,3,4,4,0,2,4,2,5,4,1,3,5,0,4,1,2,6,2,3,1,3,4,2,1,0,2,5,1,6,4,5,3.38,6,2.33,4.67,1.25,1.5,2.5,0,2,2,2,3,1,2.8,3,2.5,3,4,2,4.33,4.67,0.5,2.33,2.67,4.67,1.5,0.6
ID_008,session_02,male,1,1,1,1,1,1,1,0,0,1,1,0,1,1,1,1,1,1,1,1,0,1,1,0,5,5,3,4,5,3,5,5,5,4,4,5,4,4,3,5,3,0,3,6,6,2,6,1,6,4,3,5,6,0,6,6,3,3,4,3,5,5,3,0,2,5,0,6,3,3,0,0,6,0,0,6,2,1,0,5,1,0,5,1,5,0,0,3,6,0,3,0,1,1.85,2.33,2.67,2,0.75,0.5,0,0,1.5,0,0,0,0,5.2,5.67,4.5,2,1,3,6,2.33,2,6,2.67,4.67,4.5,1.2
ID_009,session_02,male,1,1,1,0,1,1,1,0,1,1,1,1,1,1,1,0,1,1,1,0,0,1,1,1,5,5,2,5,2,3,4,4,4,2,3,4,2,4,4,4,5,1,0,6,6,4,6,5,6,5,2,5,5,4,4,6,5,5,5,3,3,5,4,2,2,3,2,5,3,2,2,1,3,2,1,5,2,2,1,5,1,0,2,1,5,2,0,3,5,3,4,2,1,1.92,3,2.67,1.67,0.75,1.17,1,0.5,2,1.5,3.5,1,0,3.8,3.33,4.5,1.5,1,2,4,1.67,1.5,4.67,3.67,4.67,3.5,2
ID_010,session_02,female,1,1,1,0,1,0,1,0,1,0,1,1,1,1,1,1,1,1,1,1,1,0,1,1,4,5,5,5,3,4,4,4,4,4,5,4,4,4,5,5,6,0,6,0,6,6,6,1,4,5,3,2,6,0,2,6,2,1,6,5,5,6,1,1,1,2,0,6,5,6,0,3,6,0,0,4,0,1,0,2,2,0,0,5,0,4,5,4,1,1,4,0,1,3,3.67,1.33,1.67,4.75,2.67,3,0,5,0,0,0,0,5.8,5.67,6,4.5,4.5,4.5,5.67,3.33,0,5,2.33,5.33,0,0.6
ID_011,session_02,male,0,1,0,1,1,0,0,0,1,0,0,1,0,0,0,0,1,0,0,0,0,0,1,1,4,4,3,1,4,4,3,4,4,2,1,3,3,1,2,4,6,3,5,6,6,6,6,2,6,2,3,5,4,0,6,6,3,4,5,2,1,3,6,3,5,6,1,5,6,6,0,1,6,0,0,0,0,6,1,5,1,0,1,2,0,0,0,1,6,4,3,1,2,0.92,2,0.33,1.33,0.25,0.33,0,0,1,0,0,0,0,5.2,4.67,6,1.5,1.5,1.5,3.67,1.33,0.5,2,1,1.67,0,0.4
ID_012,session_02,female,0,1,1,1,1,1,0,0,1,1,0,1,0,1,1,1,1,1,1,1,1,1,0,1,5,5,5,5,5,5,5,5,5,5,5,5,5,5,5,5,6,1,6,6,6,2,6,0,6,6,4,0,4,0,0,5,1,0,5,0,5,6,6,3,3,0,1,6,1,1,0,0,0,0,0,1,0,0,4,1,0,0,4,6,4,0,0,6,0,1,3,1,5,3.23,4.33,5,4.67,0,1,0,0,3,1.17,3,0,0.5,5.8,5.67,6,6,6,6,4.67,5,0.5,3,1,6,4,0
ID_013,session_02,female,0,1,1,0,1,0,1,0,0,1,0,1,0,1,0,1,1,1,1,0,0,0,0,1,5,5,5,5,5,5,5,5,5,5,4,4,5,5,5,5,5,0,6,6,6,2,6,2,3,6,4,2,5,0,1,6,2,0,6,4,4,6,1,0,3,3,2,5,6,2,0,3,6,4,0,5,0,0,0,4,0,0,4,4,4,4,0,4,2,3,4,0,2,2.77,3.67,4.33,1.33,2,2.5,3.5,0,4,0,0,0,0,4.4,5,3.5,4.5,4,5,4,2.67,0,5.67,1,6,4,0.6
ID_014,session_02,female,1,1,1,1,1,0,1,0,1,0,1,0,1,1,1,1,1,0,1,0,0,0,1,0,5,5,4,5,5,4,4,4,4,3,3,4,4,4,4,5,6,1,5,6,6,6,6,3,6,5,1,3,5,0,6,6,6,4,3,3,1,5,6,5,0,6,0,3,6,5,0,0,6,3,0,6,0,1,0,5,1,0,0,1,0,0,0,3,5,3,2,2,0,0.31,1,0.33,0,0,0.67,0,0,2,0,0,0,0,3.8,3.33,4.5,2.25,2,2.5,4.67,0.67,1.5,4,2.67,5,0,0.4
ID_015,session_02,female,1,1,1,0,1,1,0,0,0,1,0,0,1,1,1,0,0,1,1,1,0,1,0,0,3,2,2,4,2,1,4,5,4,3,4,5,4,3,4,5,2,4,2,1,6,5,4,4,5,3,5,5,6,0,1,2,4,5,2,0,4,4,6,2,1,3,0,2,6,0,0,0,6,5,0,3,4,2,6,3,4,4,4,1,2,0,0,2,6,2,2,4,2,2.92,3.33,5,2.67,1.25,0.17,0.5,0,0,1.67,0,1,4,1.8,2,1.5,1.25,1,1.5,5.33,3,4,3,4.33,3.67,1.5,0.4
ID_016,session_02,female,0,1,1,0,0,0,0,0,1,0,1,1,1,1,1,0,0,0,1,0,1,0,1,1,5,5,5,5,5,5,5,5,5,5,5,5,5,5,5,5,6,0,6,6,6,3,6,1,3,4,0,3,6,0,1,6,4,1,6,1,5,4,3,0,0,5,0,6,1,3,0,3,6,0,0,6,0,3,0,1,0,0,4,3,3,5,0,6,1,1,3,0,5,2.23,1.33,4,2.33,1.5,2.33,4,0,3,0,0,0,0,5.8,5.67,6,4.25,3,5.5,5.67,5,0,6,2,3.67,3,0.2
ID_017,session_02,female,1,1,1,1,1,1,1,1,0,1,1,1,1,0,0,0,0,1,0,1,0,1,1,1,5,5,5,5,5,5,5,5,5,4,5,5,5,5,5,5,6,1,6,6,6,4,6,2,6,5,2,2,3,0,3,6,2,1,6,2,4,4,6,3,3,2,3,5,6,3,0,0,6,3,0,6,0,2,0,4,0,0,3,5,3,0,0,5,6,4,3,1,5,1.69,3,3,1.33,0,0.33,0,0,1,0,0,0,0,4.6,4.67,4.5,4.75,4.5,5,2.67,3.67,0,4.67,1,4.33,2.5,1
ID_018,session_02,female,0,0,1,0,0,0,1,0,0,0,0,0,0,0,0,1,0,1,0,0,0,0,0,0,5,5,5,5,3,4,5,5,4,4,5,5,5,5,5,5,2,0,4,6,6,0,6,3,5,3,1,5,6,0,6,6,4,4,3,1,3,2,3,4,2,3,0,4,6,6,0,3,6,4,0,6,1,3,0,6,5,4,0,2,6,0,0,0,3,0,1,3,0,1,1.67,0,0.67,1.5,0.83,0.5,0,2,0.67,0,0,2,2.8,3.33,2,1.25,1.5,1,6,1,2,4.67,3.67,2.67,6,1
ID_019,session_02,female,0,1,0,0,0,0,0,0,0,1,0,0,0,0,1,0,0,0,0,0,0,0,0,0,1,1,1,1,1,1,1,1,1,1,1,1,1,1,1,1,4,1,1,3,6,4,6,3,6,6,0,6,6,0,4,6,6,6,3,0,0,6,6,2,2,6,1,3,6,3,0,0,6,3,0,6,0,0,0,6,3,0,1,0,3,0,0,0,6,3,3,3,0,0.92,1,2,0,0.75,0,0,0,0,0,0,0,0,3.2,3,3.5,0,0,0,4.67,0,1.5,5,4,6,2.5,0.2
ID_020,session_02,male,1,1,1,1,1,0,1,0,1,1,0,1,1,1,1,1,1,1,1,0,0,0,0,1,4,4,5,4,4,5,4,3,5,5,5,5,3,3,4,2,4,1,1,5,6,2,3,1,5,5,3,6,5,2,1,6,5,5,5,3,5,5,2,1,3,2,2,3,6,1,4,5,5,0,0,2,1,3,0,1,2,0,5,0,5,1,1,3,5,1,3,2,4,2.85,3.33,5,0.33,2.75,1,1,0,2,1.67,1.5,3.5,0,4.4,4,5,1,0,2,4.67,4.67,1,4,3.33,4.33,4.5,0.6
ID_021,session_02,female,1,1,1,0,0,0,1,0,1,1,0,0,1,1,0,1,1,1,1,1,0,1,0,0,5,5,5,5,5,5,5,5,5,3,2,2,5,5,5,5,5,0,4,6,6,6,6,2,6,5,0,6,5,0,6,6,6,3,6,3,0,5,3,1,2,6,1,4,6,6,0,0,6,1,0,3,0,2,3,5,2,0,3,1,0,0,0,3,6,3,3,2,1,0.92,1,1,1,0.75,0.5,0,0,1.5,0,0,0,0,4.4,4,5,1.75,0.5,3,4.33,0.67,0,4.67,2.67,4.67,0,0.4
ID_022,session_02,female,1,0,1,1,1,1,0,1,0,1,0,0,0,0,1,1,1,1,0,1,0,1,0,0,5,5,2,5,5,3,3,4,5,4,2,5,4,4,3,4,5,0,3,6,6,5,6,2,6,5,0,6,5,6,5,6,6,5,6,0,1,5,6,0,3,6,0,4,6,6,0,0,0,3,0,6,0,3,0,6,2,0,0,0,2,0,0,1,0,2,2,1,1,0.23,0.67,0.33,0,0,1,0,0,3,2,6,0,0,4.2,4.33,4,0.5,0,1,5,0.67,0,6,2.67,4.33,1.5,0.4
ID_023,session_02,female,0,1,1,0,1,0,0,0,0,1,0,0,1,1,1,1,1,0,0,0,1,0,0,0,,,,,,,,,,,,,,,,,3,1,3,5,6,1,3,2,3,3,3,5,3,0,2,1,2,4,4,4,4,1,1,1,3,3,2,5,5,1,4,1,6,2,0,5,2,1,1,5,1,1,3,1,5,3,1,4,1,4,3,2,3,2.69,3,4,2,2,2.5,3,0,4.5,2.17,0,3.5,3,4,4.33,3.5,2,1,3,3,2.67,2,5,2.33,3,5,0.8
ID_024,session_02,male,0,1,0,0,0,0,1,0,0,0,1,0,0,0,0,0,0,0,1,0,0,0,1,0,5,4,3,5,4,3,4,3,3,2,3,5,2,3,3,4,6,0,3,6,6,6,6,2,6,6,3,6,6,0,6,6,5,6,6,3,1,6,6,0,0,3,0,5,6,6,0,0,6,0,0,6,0,6,0,5,0,0,0,0,0,0,0,3,6,5,3,0,1,0.77,3,0,0.33,0,0.5,0,0,1.5,0,0,0,0,5.4,5,6,0.75,0,1.5,4.33,1,0,6,3,4,0,0.2
ID_025,session_02,female,1,1,1,1,1,1,0,0,0,1,0,1,1,1,1,1,0,1,1,0,0,0,0,1,5,2,3,5,5,4,5,5,5,3,4,3,5,2,3,5,5,1,3,4,6,4,6,3,2,0,3,6,2,0,3,6,5,6,3,0,5,4,6,1,4,2,5,4,1,0,3,5,6,0,0,3,1,5,5,2,2,0,6,0,2,4,4,3,6,4,5,3,4,3.77,4,5,3.67,2.75,1.33,4,0,0,0.5,0,1.5,0,4.2,3.33,5.5,0.75,0,1.5,1.67,4.33,2,4.33,2.33,1.67,2,0.4
ID_026,session_02,female,0,1,1,0,1,1,1,0,0,0,1,1,0,1,1,0,1,1,1,1,0,0,1,1,3,1,1,4,2,4,3,2,4,2,2,4,2,4,3,6,4,1,4,6,6,4,6,3,6,6,0,3,6,0,6,6,6,5,5,0,0,6,6,1,3,6,0,5,6,2,0,0,6,1,0,6,1,1,0,6,1,0,1,4,5,0,0,2,6,3,3,2,0,0.62,1,1.67,0,0,0,0,0,0,0,0,0,0,4.2,4,4.5,2.5,3.5,1.5,5,0,1,5.33,2,5.67,3.5,1.2
ID_027,session_03,female,0,1,1,0,0,0,1,0,1,0,1,0,0,1,1,0,0,0,1,0,0,0,1,0,1,2,2,4,2,2,3,1,2,2,1,2,1,2,1,1,6,1,3,6,6,6,6,1,6,3,1,6,6,1,6,6,6,6,3,1,1,3,6,2,3,6,1,6,6,6,1,1,6,1,1,3,1,3,1,6,3,1,1,1,1,1,1,6,6,2,3,1,1,0.62,1.33,0.33,0.33,0.5,0.5,0.5,0.5,0.5,0.5,0.5,0.5,0.5,5.4,5.33,5.5,1.75,0.5,3,5,0.67,2,4,3,3,0.5,1
ID_028,session_03,male,0,0,0,0,1,0,0,0,1,1,1,0,0,0,1,0,1,0,0,0,0,0,0,0,5,5,5,5,5,5,3,5,5,5,5,5,5,2,3,4,2,4,1,6,6,6,5,3,6,5,0,6,6,6,6,2,4,6,4,0,6,4,6,4,0,6,0,3,2,6,6,0,0,1,0,2,4,0,0,2,4,5,0,0,0,0,0,3,6,0,0,3,4,0.46,0,0,2,0,0,0,0,0,4.67,6,3.5,4.5,3.2,3,3.5,0.75,0,1.5,6,4.67,3,2,5,5,0,0.4
ID_029,session_03,female,1,1,1,0,1,0,1,0,0,0,1,0,1,1,1,0,1,0,1,1,0,0,1,0,4,4,3,5,3,4,5,4,5,3,4,4,2,2,3,4,5,1,1,6,5,1,6,1,6,3,2,5,5,1,2,6,5,4,5,0,4,3,6,1,1,5,0,5,6,1,0,0,1,6,0,5,1,4,6,5,5,0,5,1,5,0,0,3,6,2,0,1,4,1.85,1,4.67,2.33,0,0.17,0,0.5,0,1,3,0,0,4,5,2.5,1.75,1,2.5,5,3,1,5,5,2.67,5,0.8
ID_030,session_03,female,0,0,0,1,1,0,0,0,0,0,0,0,0,0,0,1,0,0,0,0,0,0,0,0,4,5,3,5,4,5,5,4,4,3,3,4,2,2,2,3,4,5,0,6,6,2,6,3,6,5,0,5,6,0,0,6,6,3,6,0,0,6,3,5,0,6,0,3,6,0,0,0,6,3,0,6,0,5,0,6,0,0,4,0,4,0,0,3,6,0,0,3,0,1.46,0,5.33,0,0.75,0,0,0,0,0,0,0,0,3.2,3,3.5,1.75,0.5,3,6,0,0,2.67,4,4,4,0.2
ID_031,session_03,female,1,0,1,0,1,0,1,1,0,0,1,0,0,0,1,0,0,0,1,0,1,0,0,0,4,4,4,4,5,5,5,5,4,4,4,5,5,4,4,5,1,3,3,5,6,0,2,1,4,5,3,2,6,0,0,2,2,5,6,1,4,5,4,1,1,6,0,5,1,1,5,1,3,4,0,5,3,4,5,2,4,4,3,3,6,0,1,4,5,0,4,2,3,3.08,2.33,4.67,4.67,1.25,0.67,1,0,1,3.33,1.5,4.5,4,3.4,4.67,1.5,3,3.5,2.5,6,3.67,1.5,4.33,4,4,6,0.2
ID_032,session_03,female,1,1,1,0,0,0,1,0,0,0,0,0,1,0,1,0,0,0,1,1,0,0,1,0,5,4,3,5,5,4,3,4,3,4,3,5,4,3,5,3,2,5,5,4,6,1,3,2,3,4,4,2,6,1,4,6,2,1,2,4,4,5,3,2,2,2,2,4,3,3,3,3,6,3,0,4,3,3,4,3,4,0,2,5,5,2,0,4,4,2,2,3,2,2.77,3.33,2.33,3.67,2,1.83,2.5,0,3,1.17,0.5,3,0,3.2,3.67,2.5,4.5,4.5,4.5,4.67,3,3.5,3,3,4,5,0.4
ID_033,session_03,female,0,1,1,0,1,1,1,0,0,0,1,0,1,1,1,0,1,1,1,1,0,0,1,0,4,4,5,4,4,4,4,5,5,5,4,5,4,5,5,5,5,2,2,0,6,2,6,2,2,5,3,0,5,0,0,6,3,2,6,3,3,3,6,3,3,3,3,3,3,3,3,3,6,2,0,3,0,0,3,6,3,3,4,6,2,3,4,6,6,3,3,3,3,3.38,3,4.33,3,3.25,1.67,3.5,0,1.5,1,0,1.5,1.5,3.8,3.33,4.5,5.5,6,5,3.67,2,0,3.33,3.33,4.67,3,1.2
ID_034,session_03,female,0,1,1,0,1,1,1,0,1,0,1,0,0,1,1,0,1,1,1,0,0,0,1,0,4,3,3,5,4,4,3,4,3,3,2,4,4,4,4,4,3,2,1,4,6,2,5,2,5,5,1,3,5,3,2,3,5,3,1,2,2,5,3,1,2,3,2,5,5,2,1,1,5,3,0,4,5,2,1,5,4,1,1,4,2,1,0,4,1,2,2,3,1,1.85,2,3,1,1.5,1.5,1,0,3.5,1.67,2,1,2,3.6,4,3,3.5,3.5,3.5,4.33,1.33,5,4.33,4.33,4.67,3,1
ID_035,session_04,female,1,1,1,0,0,1,1,1,0,1,0,0,1,0,1,0,0,1,0,1,0,1,0,0,5,5,5,5,5,5,5,5,5,5,5,5,5,5,5,5,5,5,2,2,6,2,6,1,6,5,0,6,6,5,2,2,3,3,2,0,5,5,6,5,1,3,0,4,2,4,5,1,1,2,0,6,6,5,1,4,6,4,3,5,5,0,0,6,6,1,2,3,5,2.08,1.67,3,2.67,1.25,0,0,0,0,3.83,5,2.5,4,4.2,4,4.5,3.5,2.5,4.5,5.67,4,5,2.67,5,3.67,4.5,2
ID_036,session_04,female,1,1,1,1,1,0,1,0,0,1,1,0,1,1,1,0,1,1,1,1,0,1,1,0,5,4,5,5,4,3,5,5,5,3,4,2,5,3,5,2,4,6,5,3,6,5,5,2,3,4,1,4,5,0,6,6,5,3,5,4,6,4,3,4,2,2,0,6,5,2,5,4,2,5,0,6,6,1,0,1,2,0,0,3,3,1,3,5,3,0,5,0,6,2.23,3.33,1.33,0.67,3.25,1.83,2,0,3.5,1.67,2,3,0,4.2,5.33,2.5,3.25,2.5,4,5.67,5.67,3.5,2.67,2.33,4.33,2,1.2
ID_037,session_04,female,1,1,1,0,1,0,1,0,0,1,1,0,0,0,1,0,1,1,1,1,0,0,1,0,5,5,4,5,5,5,4,5,4,4,5,5,4,4,3,5,5,4,5,1,5,1,4,2,4,4,2,2,4,1,1,5,2,0,0,4,4,5,2,4,2,1,2,4,4,0,2,2,2,1,1,2,6,4,2,2,2,4,4,5,5,2,4,5,2,2,5,2,4,3.85,4,5,2.67,3.75,2.33,2,1,4,2.33,2.5,2,2.5,4.4,4,5,5,4.5,5.5,4,4,6,2,2.33,3.67,5,0.2
ID_038,session_04,female,1,1,1,1,1,1,1,0,1,0,1,0,1,1,1,1,1,1,1,0,1,1,1,0,5,5,5,2,3,3,2,1,3,5,5,5,4,4,5,4,5,1,3,6,6,3,6,3,1,3,4,1,5,0,2,6,1,1,5,6,6,3,4,3,1,2,2,5,1,2,0,1,0,1,0,2,0,4,5,0,4,0,2,4,4,5,4,3,0,4,4,3,6,3.38,4,3.33,5,1.75,3.67,5,0,6,1,3,0,0,4.2,3.67,5,4.25,4.5,4,3.67,6,0.5,3.33,4,2.67,3.5,0.8
ID_039,session_04,female,1,1,1,1,1,1,1,0,0,1,0,0,1,1,1,1,1,0,1,1,0,1,0,0,5,4,4,5,3,3,3,4,4,4,5,3,3,3,3,3,5,3,5,2,0,2,6,3,2,4,4,4,5,0,1,6,1,3,3,4,5,5,2,4,3,5,2,4,1,1,0,1,0,5,0,2,1,3,3,2,1,0,5,2,4,0,4,3,4,2,2,1,5,3.69,2.33,5,4.33,3.25,2.67,2,3,3,1,3,0,0,3.6,4,3,2.5,2,3,4.33,4.67,2,2.33,1.67,4,4,1.6
ID_040,session_04,female,0,1,1,1,0,0,0,0,0,1,0,0,1,0,1,1,0,0,1,0,0,1,0,0,5,5,5,4,5,5,5,5,5,2,4,2,4,5,5,5,4,1,2,2,6,1,6,0,3,5,4,4,5,0,1,2,2,5,6,4,4,5,3,2,0,6,2,5,0,0,0,0,6,4,0,4,0,2,6,2,4,4,2,0,0,0,4,0,2,2,1,1,4,3.46,1.67,4.33,5.33,2.75,1.83,1.5,0,4,1.33,0,0,4,4.4,5.33,3,0.75,1,0.5,4.33,4,0,4.33,4.67,4.67,2.5,1.6
ID_041,session_04,female,0,1,1,0,1,1,1,0,0,1,0,0,0,1,1,1,1,1,1,0,0,1,0,0,5,5,5,5,5,2,3,1,4,4,1,3,2,2,1,3,2,1,2,4,6,2,1,1,5,6,0,6,6,5,6,6,6,6,5,5,2,6,1,1,1,4,0,5,6,6,4,0,3,1,0,6,4,2,0,5,3,0,0,1,5,2,1,1,1,1,0,1,4,0.77,0.67,0,0,2,2.17,1.5,0,5,2.83,4,4.5,0,4.4,5,3.5,0.5,0.5,0.5,5.67,2.33,2.5,5.33,4,5.33,4.5,0.6
ID_042,session_04,female,0,1,1,0,1,0,1,0,0,0,0,0,0,0,1,0,0,0,0,0,0,0,0,0,4,4,4,5,5,4,3,4,5,3,4,5,3,5,4,4,3,1,2,6,6,1,6,2,6,5,1,2,6,0,4,6,5,2,2,1,1,6,2,2,2,5,1,4,3,2,1,1,6,3,0,5,4,3,1,5,4,0,1,5,5,1,1,3,5,2,2,3,2,1.69,1.33,2.33,1.67,1.5,0.5,0.5,0,1,0.17,0,0.5,0,3.4,3.67,3,4,4.5,3.5,5,1.33,4,4.67,4,4.67,5,0.2
ID_043,session_04,female,0,1,1,0,0,0,0,0,0,0,1,0,1,0,1,0,0,0,0,0,0,0,1,0,2,3,4,4,2,2,3,2,3,3,2,4,3,2,3,3,4,0,1,6,6,3,6,2,6,6,0,6,6,0,6,6,6,5,3,0,0,6,6,0,0,6,0,3,6,6,0,0,6,3,0,6,3,3,0,6,3,0,0,0,3,0,0,3,6,0,0,2,0,0,0,0,0,0,0,0,0,0,0,0,0,0,3.6,3.67,3.5,1,0,2,6,0,3,6,4.67,5,3,0.2
ID_044,session_04,male,1,1,1,0,1,0,0,0,0,0,0,0,1,0,1,0,0,0,0,0,0,0,0,0,4,4,2,5,2,3,2,2,3,3,1,5,2,2,1,4,2,1,3,6,6,2,1,1,6,6,1,6,6,4,4,6,3,5,5,1,1,6,5,0,1,6,1,5,5,5,0,0,3,5,0,5,2,2,0,5,3,0,3,0,4,0,0,0,6,1,0,1,3,0.92,0.33,2,1.33,0.25,0.17,0,0,0.5,2,3.5,2.5,0,3.6,5,1.5,0.25,0,0.5,5.33,1.67,1.5,5.33,3.67,5.33,4,0
ID_045,session_04,female,1,1,1,1,1,1,1,0,1,1,1,1,1,1,1,1,1,1,1,0,1,1,1,1,5,4,4,5,5,5,4,4,5,4,5,5,4,5,5,4,5,3,4,1,6,1,0,0,4,5,6,2,3,5,3,5,1,1,5,1,4,5,2,3,3,1,3,5,3,3,6,5,1,1,0,2,1,1,3,2,1,2,3,4,5,4,5,5,6,3,5,2,5,4.23,5.33,3,3.67,4.75,1.17,3,0,0.5,4.17,5,6,1.5,5,5,5,4.5,4,5,3,4.33,1,2.67,2,5,5,0.2
ID_046,session_04,female,1,1,1,0,1,0,1,0,0,1,0,0,1,1,1,1,1,0,1,0,0,0,0,0,5,5,5,5,5,3,5,5,5,5,4,5,5,5,5,4,5,3,6,6,6,6,6,2,6,4,2,3,5,5,0,6,4,0,6,0,4,5,6,4,6,5,0,5,5,0,3,3,3,2,0,5,2,3,0,3,0,0,6,2,0,0,0,1,6,2,6,3,5,2.54,3,6,1,0.75,0,0,0,0,1.83,4,1.5,0,4.2,4,4.5,3,2.5,3.5,5,4,1,3.33,0,4,0,0.6
ID_047,session_04,female,0,1,1,0,1,0,1,0,0,0,0,0,0,1,1,0,1,0,1,0,0,0,0,0,3,2,2,5,5,5,5,5,5,5,4,3,4,3,5,5,5,1,2,6,5,3,6,2,6,5,2,6,5,1,0,5,5,2,5,0,2,4,3,1,0,6,1,6,6,3,4,0,6,3,1,6,4,2,0,5,4,0,3,0,0,0,0,0,6,0,4,0,5,1.69,2,4,0.33,0.75,0.33,0,1,0,1,0.5,2,0.5,4.8,5.33,4,1,0,2,5.33,2.67,2.5,5.33,4.67,4.33,1.5,1.2
ID_048,session_05,female,1,1,1,0,1,0,1,0,0,0,0,1,1,0,1,0,0,0,1,0,0,0,0,1,4,5,5,5,5,3,2,4,4,3,5,4,4,4,3,3,5,4,4,5,6,5,6,3,6,5,6,5,5,0,4,6,4,6,6,0,5,6,4,2,1,1,2,4,3,2,0,0,6,5,0,4,0,2,0,2,2,0,4,1,2,0,1,0,6,2,5,2,5,2.69,5.33,3.33,1.67,1,0,0,0,0,0,0,0,0,3.4,3.67,3,0.5,1,0,4.33,4.67,0,3.33,3,5,1.5,0.6
ID_049,session_05,female,0,1,1,1,1,1,0,1,0,1,0,1,0,1,1,1,1,1,0,1,0,1,0,1,2,4,4,5,4,4,5,5,4,4,5,3,5,4,5,2,6,5,2,0,1,4,0,0,0,3,5,1,1,0,1,5,0,1,6,3,6,3,3,5,4,0,5,6,2,2,1,2,6,2,4,2,2,4,3,1,3,1,4,5,2,4,5,2,4,5,5,1,6,4.46,5.33,4.33,4.33,4,4,5,4.5,2.5,1.5,0,3.5,1,5.4,5.67,5,4.25,5,3.5,1,5.67,1,1.33,3,2.67,2,0.4
ID_050,session_05,female,0,1,1,0,1,1,1,0,0,1,1,1,1,1,1,0,1,0,1,0,0,0,1,1,5,5,4,4,5,4,3,5,5,4,5,5,5,4,3,3,4,1,3,2,6,0,5,1,5,5,2,4,5,0,2,6,5,1,5,3,4,6,3,2,1,3,0,5,1,2,1,3,6,2,0,4,0,0,5,4,4,0,4,2,6,3,4,2,3,1,4,1,5,3.54,3,4,3.67,3.5,1.67,2,0,3,0.33,0,1,0,4.6,5,4,2.75,2,3.5,5.33,3.67,0.5,4.33,4,5.67,6,0.4
ID_051,session_05,female,0,1,0,1,0,1,1,1,0,1,0,1,0,1,1,1,0,1,1,1,0,1,0,1,5,4,3,5,5,4,4,5,5,3,5,3,4,5,4,4,4,3,5,6,6,0,2,2,2,5,5,4,4,2,2,3,2,5,5,4,6,5,2,4,5,2,2,4,2,2,3,3,5,3,0,4,2,4,4,1,2,4,5,1,6,3,0,2,3,2,4,2,5,3.46,4.33,4.33,4,1.75,2.33,3.5,0,3.5,2.83,1.5,3.5,3.5,3.8,4,3.5,1.5,1.5,1.5,4,5.33,1.5,3,1.33,4,6,0.4
ID_052,session_05,female,1,1,1,0,0,0,0,0,0,0,1,0,1,0,0,0,0,0,1,0,0,0,1,0,3,4,3,5,4,3,3,3,4,1,3,5,2,4,2,3,5,1,3,4,6,4,6,3,5,6,5,3,5,0,4,6,5,6,5,2,2,6,3,2,2,5,1,4,6,3,2,1,6,3,0,4,2,0,0,5,0,0,4,1,3,1,1,1,4,1,2,2,5,1.92,2.67,3,0.33,1.75,1,1,0,2,0.33,0,1,0,3.8,3.67,4,1.25,2,0.5,5,2.67,1.5,4.33,2.33,6,2.5,1
ID_053,session_05,female,0,1,1,1,0,0,1,0,0,1,0,0,0,1,0,0,0,1,1,1,0,1,0,0,4,5,4,4,3,4,3,3,4,2,4,2,4,4,5,3,3,2,5,5,6,5,6,3,5,5,1,5,3,0,2,6,3,5,4,0,4,4,0,2,2,5,3,4,5,2,0,1,0,2,0,5,3,4,0,5,2,0,3,2,4,0,0,3,0,2,0,3,4,1.92,0.67,3.67,1.33,2,1.17,0.5,0,3,1,3,0,0,3.4,3.33,3.5,1.75,1.5,2,3.33,3,2.5,4.33,2.33,3.67,2.5,1.6
ID_054,session_05,female,1,1,1,1,1,1,1,0,1,0,0,0,1,1,1,1,1,1,1,1,1,1,0,0,5,5,4,5,5,5,5,5,4,5,4,5,5,5,5,5,6,4,5,1,6,6,6,0,5,4,6,1,3,0,0,6,0,0,6,0,5,5,3,4,5,1,4,6,0,0,0,0,6,0,0,3,0,2,5,1,0,0,6,5,0,4,5,4,6,4,6,0,5,5,5.67,6,5.67,3.25,0.83,2.5,0,0,0,0,0,0,6,6,6,5,5,5,2.33,5,0,2.33,0.67,4.33,0,0
ID_055,session_05,male,1,1,1,0,1,0,0,0,0,1,0,0,1,1,1,0,0,0,1,0,0,0,0,0,5,5,5,5,5,4,5,4,5,3,5,5,3,5,4,5,1,2,2,4,6,1,6,1,5,4,4,1,3,2,1,6,2,2,5,4,4,4,1,2,2,1,4,5,1,2,0,4,6,5,0,3,0,2,5,2,3,0,3,5,6,1,3,5,2,1,4,2,4,4.08,4.33,4,4.67,3.5,1.67,1,0,4,0.33,1,0,0,3.2,4.67,1,4.75,5,4.5,3.33,4,0.5,3.67,3.67,4,5.5,0.2
ID_056,session_05,female,1,1,1,1,1,1,1,1,1,1,0,0,1,1,1,1,1,1,1,1,1,1,0,0,4,4,3,5,4,2,3,5,5,4,5,5,2,3,5,5,5,4,6,3,5,4,6,1,2,5,2,4,2,0,4,6,1,4,5,3,4,6,3,3,4,1,4,5,1,3,0,4,6,2,2,2,2,4,5,0,0,0,3,2,3,4,3,2,3,4,5,0,6,3.69,4,2.67,5,3.25,2.83,4,1.5,3,0,0,0,0,5,5.33,4.5,2,2,2,2,5.33,1.5,2.33,0.67,4.33,2.5,0.8
ID_057,session_06,male,1,1,1,1,1,0,1,1,0,0,0,0,1,1,1,0,0,0,1,0,0,0,0,0,,,,,,,,,,,,,,,,,5,1,2,6,6,0,5,2,2,5,4,2,6,0,1,6,3,2,2,3,4,5,3,2,4,4,2,4,3,1,0,1,6,2,0,5,2,2,2,4,4,0,5,5,6,4,0,5,3,1,4,2,2,2.85,3.33,5,2.67,1,2.33,4,0,3,0.17,0,0.5,0,4.2,4,4.5,4.5,4.5,4.5,5,2.67,3,4.67,3.33,4.67,6,0.6
